participant_id	age	sex	ravenscore	scanner	Exclude	AtlasF	AtlasM	Fonly	Monly
sub-0001PIOP1	26.25	F	29	1	0	0	0	0	1
sub-0002PIOP1	21	F	27	1	0	0	0	0	1
sub-0004PIOP1	23.5	F	21	1	0	0	0	0	1
sub-0009PIOP1	21.75	F	19	1	0	0	0	0	1
sub-0010PIOP1	22	F	15	1	0	0	0	0	1
sub-0012PIOP1	22.75	F	30	1	0	0	0	0	1
sub-0014PIOP1	23	F	26	1	0	0	0	0	1
sub-0015PIOP1	19.5	F	26	1	0	0	0	0	1
sub-0018PIOP1	23.5	F	25	1	0	0	0	0	1
sub-0019PIOP1	21.75	F	24	1	0	0	0	0	1
sub-0020PIOP1	22	F	22	1	0	0	0	0	1
sub-0023PIOP1	21	F	25	1	0	0	0	0	1
sub-0025PIOP1	22.5	F	24	1	0	0	0	0	1
sub-0027PIOP1	20.25	F	14	1	0	0	0	0	1
sub-0029PIOP1	22	F	26	1	0	0	0	0	1
sub-0033PIOP1	23.25	F	18	1	0	0	0	0	1
sub-0034PIOP1	21.25	F	19	1	0	0	0	0	1
sub-0035PIOP1	22.5	F	23	1	0	0	0	0	1
sub-0036PIOP1	23.75	F	28	1	0	0	0	0	1
sub-0037PIOP1	25.75	F	33	1	0	1	0	0	1
sub-0038PIOP1	20.25	F	29	1	0	0	0	0	1
sub-0039PIOP1	22.25	F	32	1	0	1	0	0	1
sub-0046PIOP1	20.5	F	31	1	0	0	0	0	1
sub-0047PIOP1	21.25	F	18	1	0	0	0	0	1
sub-0048PIOP1	23	F	22	1	0	0	0	0	1
sub-0049PIOP1	24.5	F	27	1	0	0	0	0	1
sub-0050PIOP1	23.5	F	19	1	0	0	0	0	1
sub-0051PIOP1	23	F	22	1	0	0	0	0	1
sub-0056PIOP1	24.25	F	18	1	0	0	0	0	1
sub-0059PIOP1	22.25	F	23	1	0	0	0	0	1
sub-0061PIOP1	19.5	F	26	1	0	0	0	0	1
sub-0062PIOP1	25.5	F	23	1	0	0	0	0	1
sub-0063PIOP1	23	F	19	1	0	0	0	0	1
sub-0064PIOP1	21.5	F	15	1	0	0	0	0	1
sub-0065PIOP1	21	F	32	1	0	1	0	0	1
sub-0068PIOP1	21	F	22	1	0	0	0	0	1
sub-0069PIOP1	23.25	F	25	1	0	0	0	0	1
sub-0072PIOP1	24.75	F	26	1	0	0	0	0	1
sub-0073PIOP1	22.75	F	17	1	0	0	0	0	1
sub-0076PIOP1	25.75	F	23	1	0	0	0	0	1
sub-0080PIOP1	19.75	F	30	1	0	0	0	0	1
sub-0083PIOP1	19.75	F	24	1	0	0	0	0	1
sub-0084PIOP1	24	F	27	1	0	0	0	0	1
sub-0085PIOP1	24.5	F	26	1	0	0	0	0	1
sub-0087PIOP1	22.5	F	22	1	0	0	0	0	1
sub-0089PIOP1	23.5	F	23	1	0	0	0	0	1
sub-0090PIOP1	19.5	F	20	1	0	0	0	0	1
sub-0095PIOP1	21.75	F	33	1	0	1	0	0	1
sub-0096PIOP1	19.25	F	31	1	0	0	0	0	1
sub-0101PIOP1	24.75	F	26	1	0	0	0	0	1
sub-0103PIOP1	22.5	F	25	1	0	0	0	0	1
sub-0104PIOP1	21.25	F	24	1	0	0	0	0	1
sub-0105PIOP1	24.5	F	25	1	0	0	0	0	1
sub-0106PIOP1	22.75	F	24	1	0	0	0	0	1
sub-0107PIOP1	19.75	F	31	1	0	0	0	0	1
sub-0111PIOP1	22	F	25	1	0	0	0	0	1
sub-0112PIOP1	22	F	18	1	0	0	0	0	1
sub-0113PIOP1	20.25	F	19	1	0	0	0	0	1
sub-0114PIOP1	20.75	F	28	1	0	0	0	0	1
sub-0115PIOP1	21.75	F	27	1	0	0	0	0	1
sub-0116PIOP1	23.5	F	26	1	0	0	0	0	1
sub-0117PIOP1	23	F	23	1	0	0	0	0	1
sub-0118PIOP1	20.75	F	25	1	0	0	0	0	1
sub-0120PIOP1	21.75	F	16	1	0	0	0	0	1
sub-0122PIOP1	20	F	22	1	0	0	0	0	1
sub-0124PIOP1	20.5	F	24	1	0	0	0	0	1
sub-0126PIOP1	24.75	F	29	1	0	0	0	0	1
sub-0127PIOP1	20	F	30	1	0	0	0	0	1
sub-0129PIOP1	24.5	F	26	1	0	0	0	0	1
sub-0130PIOP1	22.25	F	28	1	0	0	0	0	1
sub-0132PIOP1	21.75	F	27	1	0	0	0	0	1
sub-0133PIOP1	22.75	F	27	1	0	0	0	0	1
sub-0134PIOP1	23	F	26	1	0	0	0	0	1
sub-0135PIOP1	25	F	23	1	0	0	0	0	1
sub-0136PIOP1	22.75	F	24	1	0	0	0	0	1
sub-0138PIOP1	22	F	28	1	0	0	0	0	1
sub-0139PIOP1	24	F	14	1	0	0	0	0	1
sub-0142PIOP1	23	F	14	1	0	0	0	0	1
sub-0145PIOP1	23	F	25	1	0	0	0	0	1
sub-0150PIOP1	23.25	F	34	1	0	1	0	0	1
sub-0155PIOP1	25.25	F	24	1	0	0	0	0	1
sub-0159PIOP1	18.75	F	20	1	0	0	0	0	1
sub-0160PIOP1	21.75	F	30	1	0	0	0	0	1
sub-0163PIOP1	22.25	F	30	1	0	0	0	0	1
sub-0164PIOP1	22	F	21	1	0	0	0	0	1
sub-0165PIOP1	21.75	F	31	1	0	0	0	0	1
sub-0170PIOP1	24.25	F	30	1	0	0	0	0	1
sub-0172PIOP1	21.75	F	25	1	0	0	0	0	1
sub-0175PIOP1	22.5	F	28	1	0	0	0	0	1
sub-0177PIOP1	24.5	F	25	1	0	0	0	0	1
sub-0180PIOP1	23.25	F	31	1	0	0	0	0	1
sub-0181PIOP1	23.25	F	27	1	0	0	0	0	1
sub-0182PIOP1	26	F	24	1	0	0	0	0	1
sub-0184PIOP1	23.5	F	24	1	0	0	0	0	1
sub-0186PIOP1	20.75	F	31	1	0	0	0	0	1
sub-0189PIOP1	19.5	F	23	1	0	0	0	0	1
sub-0190PIOP1	20	F	24	1	0	0	0	0	1
sub-0194PIOP1	22.5	F	24	1	0	0	0	0	1
sub-0195PIOP1	23.25	F	24	1	0	0	0	0	1
sub-0196PIOP1	22.75	F	8	1	0	0	0	0	1
sub-0197PIOP1	21	F	18	1	0	0	0	0	1
sub-0198PIOP1	21.25	F	23	1	0	0	0	0	1
sub-0199PIOP1	23	F	25	1	0	0	0	0	1
sub-0200PIOP1	24.25	F	19	1	0	0	0	0	1
sub-0203PIOP1	21.5	F	24	1	0	0	0	0	1
sub-0205PIOP1	22.5	F	25	1	0	0	0	0	1
sub-0206PIOP1	23	F	17	1	0	0	0	0	1
sub-0207PIOP1	23.5	F	28	1	0	0	0	0	1
sub-0209PIOP1	23	F	28	1	0	0	0	0	1
sub-0210PIOP1	21.5	F	23	1	0	0	0	0	1
sub-0212PIOP1	20.5	F	19	1	0	0	0	0	1
sub-0215PIOP1	18.25	F	24	1	0	0	0	0	1
sub-0216PIOP1	20.5	F	21	1	0	0	0	0	1
sub-0002PIOP2	23.25	F	19	2	0	0	0	0	1
sub-0003PIOP2	25	F	29	2	0	0	0	0	1
sub-0004PIOP2	20	F	24	2	0	0	0	0	1
sub-0007PIOP2	19.25	F	24	2	0	0	0	0	1
sub-0009PIOP2	24.75	F	33	2	0	1	0	0	1
sub-0011PIOP2	22.75	F	24	2	0	0	0	0	1
sub-0012PIOP2	22.75	F	15	2	0	0	0	0	1
sub-0015PIOP2	23	F	28	2	0	0	0	0	1
sub-0016PIOP2	20.25	F	23	2	0	0	0	0	1
sub-0017PIOP2	20.5	F	20	2	0	0	0	0	1
sub-0019PIOP2	21.25	F	22	2	0	0	0	0	1
sub-0020PIOP2	20	F	19	2	0	0	0	0	1
sub-0021PIOP2	23.25	F	24	2	0	0	0	0	1
sub-0022PIOP2	21.5	F	28	2	0	0	0	0	1
sub-0026PIOP2	20.25	F	25	2	0	0	0	0	1
sub-0027PIOP2	22	F	26	2	0	0	0	0	1
sub-0033PIOP2	20.25	F	21	2	0	0	0	0	1
sub-0034PIOP2	24.75	F	24	2	0	0	0	0	1
sub-0036PIOP2	24	F	29	2	0	0	0	0	1
sub-0037PIOP2	22	F	17	2	0	0	0	0	1
sub-0038PIOP2	21	F	20	2	0	0	0	0	1
sub-0039PIOP2	22.25	F	32	2	0	1	0	0	1
sub-0040PIOP2	19.75	F	24	2	0	0	0	0	1
sub-0042PIOP2	22	F	24	2	0	0	0	0	1
sub-0043PIOP2	22.5	F	32	2	0	1	0	0	1
sub-0044PIOP2	19	F	24	2	0	0	0	0	1
sub-0045PIOP2	25	F	27	2	0	0	0	0	1
sub-0047PIOP2	22.75	F	31	2	0	0	0	0	1
sub-0048PIOP2	20.25	F	16	2	0	0	0	0	1
sub-0049PIOP2	24.25	F	29	2	0	0	0	0	1
sub-0051PIOP2	23.25	F	26	2	0	0	0	0	1
sub-0052PIOP2	19	F	26	2	0	0	0	0	1
sub-0053PIOP2	21.25	F	31	2	0	0	0	0	1
sub-0055PIOP2	20.5	F	25	2	0	0	0	0	1
sub-0058PIOP2	21.75	F	22	2	0	0	0	0	1
sub-0060PIOP2	22.25	F	15	2	0	0	0	0	1
sub-0061PIOP2	21.75	F	16	2	0	0	0	0	1
sub-0062PIOP2	19.75	F	28	2	0	0	0	0	1
sub-0067PIOP2	19	F	19	2	0	0	0	0	1
sub-0068PIOP2	22.25	F	31	2	0	0	0	0	1
sub-0069PIOP2	23.75	F	20	2	0	0	0	0	1
sub-0071PIOP2	23.75	F	32	2	0	1	0	0	1
sub-0072PIOP2	24.25	F	17	2	0	0	0	0	1
sub-0073PIOP2	22	F	23	2	0	0	0	0	1
sub-0075PIOP2	19.75	F	23	2	0	0	0	0	1
sub-0076PIOP2	22.75	F	24	2	0	0	0	0	1
sub-0077PIOP2	21.25	F	21	2	0	0	0	0	1
sub-0080PIOP2	21	F	32	2	0	1	0	0	1
sub-0082PIOP2	21.5	F	24	2	0	0	0	0	1
sub-0083PIOP2	22.75	F	29	2	0	0	0	0	1
sub-0084PIOP2	23.25	F	28	2	0	0	0	0	1
sub-0085PIOP2	23	F	22	2	0	0	0	0	1
sub-0089PIOP2	20	F	24	2	0	0	0	0	1
sub-0090PIOP2	22.75	F	27	2	0	0	0	0	1
sub-0091PIOP2	22.25	F	25	2	0	0	0	0	1
sub-0092PIOP2	21.5	F	26	2	0	0	0	0	1
sub-0094PIOP2	20.25	F	23	2	0	0	0	0	1
sub-0095PIOP2	21	F	23	2	0	0	0	0	1
sub-0097PIOP2	23	F	15	2	0	0	0	0	1
sub-0098PIOP2	21.5	F	31	2	0	0	0	0	1
sub-0099PIOP2	20	F	20	2	0	0	0	0	1
sub-0100PIOP2	23.75	F	29	2	0	0	0	0	1
sub-0101PIOP2	22.75	F	25	2	0	0	0	0	1
sub-0102PIOP2	23	F	22	2	0	0	0	0	1
sub-0103PIOP2	21.5	F	34	2	0	1	0	0	1
sub-0104PIOP2	24	F	23	2	0	0	0	0	1
sub-0106PIOP2	24.25	F	26	2	0	0	0	0	1
sub-0109PIOP2	19.75	F	19	2	0	0	0	0	1
sub-0112PIOP2	19	F	22	2	0	0	0	0	1
sub-0114PIOP2	18.25	F	18	2	0	0	0	0	1
sub-0116PIOP2	21.75	F	14	2	0	0	0	0	1
sub-0119PIOP2	21	F	23	2	0	0	0	0	1
sub-0123PIOP2	24.5	F	28	2	0	0	0	0	1
sub-0125PIOP2	23	F	26	2	0	0	0	0	1
sub-0127PIOP2	20.5	F	24	2	0	0	0	0	1
sub-0130PIOP2	19.75	F	18	2	0	0	0	0	1
sub-0132PIOP2	22.25	F	23	2	0	0	0	0	1
sub-0134PIOP2	19.25	F	23	2	0	0	0	0	1
sub-0137PIOP2	23	F	21	2	0	0	0	0	1
sub-0139PIOP2	22.5	F	24	2	0	0	0	0	1
sub-0140PIOP2	22	F	25	2	0	0	0	0	1
sub-0142PIOP2	19	F	26	2	0	0	0	0	1
sub-0143PIOP2	18.25	F	15	2	0	0	0	0	1
sub-0145PIOP2	18.75	F	21	2	0	0	0	0	1
sub-0146PIOP2	20.75	F	30	2	0	0	0	0	1
sub-0147PIOP2	23	F	28	2	0	0	0	0	1
sub-0148PIOP2	21	F	14	2	0	0	0	0	1
sub-0149PIOP2	23	F	27	2	0	0	0	0	1
sub-0150PIOP2	22	F	23	2	0	0	0	0	1
sub-0152PIOP2	23.75	F	30	2	0	0	0	0	1
sub-0153PIOP2	19	F	28	2	0	0	0	0	1
sub-0154PIOP2	25.5	F	32	2	0	1	0	0	1
sub-0157PIOP2	20.25	F	21	2	0	0	0	0	1
sub-0166PIOP2	21	F	30	2	0	0	0	0	1
sub-0168PIOP2	25.5	F	21	2	0	0	0	0	1
sub-0169PIOP2	25	F	28	2	0	0	0	0	1
sub-0170PIOP2	25.25	F	29	2	0	0	0	0	1
sub-0171PIOP2	22.5	F	24	2	0	0	0	0	1
sub-0172PIOP2	20.5	F	28	2	0	0	0	0	1
sub-0174PIOP2	23.5	F	28	2	0	0	0	0	1
sub-0176PIOP2	22.5	F	19	2	0	0	0	0	1
sub-0179PIOP2	22.5	F	26	2	0	0	0	0	1
sub-0180PIOP2	19.75	F	28	2	0	0	0	0	1
sub-0181PIOP2	24.75	F	20	2	0	0	0	0	1
sub-0183PIOP2	24	F	21	2	0	0	0	0	1
sub-0186PIOP2	20.75	F	17	2	0	0	0	0	1
sub-0187PIOP2	25	F	26	2	0	0	0	0	1
sub-0190PIOP2	19.5	F	24	2	0	0	0	0	1
sub-0191PIOP2	22.25	F	20	2	0	0	0	0	1
sub-0192PIOP2	22.25	F	17	2	0	0	0	0	1
sub-0194PIOP2	20.75	F	30	2	0	0	0	0	1
sub-0197PIOP2	20.75	F	28	2	0	0	0	0	1
sub-0200PIOP2	19	F	20	2	0	0	0	0	1
sub-0201PIOP2	23	F	19	2	0	0	0	0	1
sub-0202PIOP2	22.5	F	29	2	0	0	0	0	1
sub-0204PIOP2	19.75	F	25	2	0	0	0	0	1
sub-0206PIOP2	24.25	F	26	2	0	0	0	0	1
sub-0208PIOP2	21.25	F	23	2	0	0	0	0	1
sub-0210PIOP2	20.75	F	24	2	0	0	0	0	1
sub-0214PIOP2	21.75	F	27	2	0	0	0	0	1
sub-0215PIOP2	20.5	F	32	2	0	1	0	0	1
sub-0218PIOP2	22	F	25	2	0	0	0	0	1
sub-0219PIOP2	23.5	F	27	2	0	0	0	0	1
sub-0220PIOP2	21.75	F	27	2	0	0	0	0	1
sub-0222PIOP2	22	F	30	2	0	0	0	0	1
sub-0223PIOP2	20.75	F	26	2	0	0	0	0	1
sub-0225PIOP2	20.25	F	27	2	0	0	0	0	1
sub-0003PIOP1	23	M	22	1	0	0	0	1	0
sub-0005PIOP1	21.75	M	28	1	0	0	0	1	0
sub-0006PIOP1	24.5	M	28	1	0	0	0	1	0
sub-0008PIOP1	24.25	M	29	1	0	0	0	1	0
sub-0016PIOP1	24	M	25	1	0	0	0	1	0
sub-0021PIOP1	24.75	M	28	1	0	0	0	1	0
sub-0024PIOP1	19.25	M	23	1	0	0	0	1	0
sub-0026PIOP1	26.25	M	20	1	0	0	0	1	0
sub-0028PIOP1	21	M	18	1	0	0	0	1	0
sub-0030PIOP1	21	M	20	1	0	0	0	1	0
sub-0032PIOP1	24.75	M	24	1	0	0	0	1	0
sub-0040PIOP1	20.5	M	24	1	0	0	0	1	0
sub-0042PIOP1	24.75	M	33	1	0	0	1	1	0
sub-0043PIOP1	22.75	M	32	1	0	0	1	1	0
sub-0044PIOP1	19	M	33	1	0	0	1	1	0
sub-0045PIOP1	20.75	M	24	1	0	0	0	1	0
sub-0052PIOP1	23.25	M	29	1	0	0	0	1	0
sub-0053PIOP1	24.75	M	28	1	0	0	0	1	0
sub-0054PIOP1	23	M	25	1	0	0	0	1	0
sub-0055PIOP1	21.5	M	24	1	0	0	0	1	0
sub-0058PIOP1	21.75	M	26	1	0	0	0	1	0
sub-0060PIOP1	22	M	26	1	0	0	0	1	0
sub-0066PIOP1	19.75	M	15	1	0	0	0	1	0
sub-0067PIOP1	23.25	M	29	1	0	0	0	1	0
sub-0070PIOP1	22	M	24	1	0	0	0	1	0
sub-0071PIOP1	20.5	M	21	1	0	0	0	1	0
sub-0074PIOP1	21.25	M	35	1	0	0	1	1	0
sub-0075PIOP1	20.5	M	25	1	0	0	0	1	0
sub-0077PIOP1	22.25	M	14	1	0	0	0	1	0
sub-0078PIOP1	22	M	24	1	0	0	0	1	0
sub-0079PIOP1	24.25	M	24	1	0	0	0	1	0
sub-0081PIOP1	21	M	34	1	0	0	1	1	0
sub-0082PIOP1	23.25	M	17	1	0	0	0	1	0
sub-0086PIOP1	22.75	M	24	1	0	0	0	1	0
sub-0088PIOP1	18.25	M	29	1	0	0	0	1	0
sub-0091PIOP1	22.25	M	23	1	0	0	0	1	0
sub-0092PIOP1	19.25	M	30	1	0	0	0	1	0
sub-0093PIOP1	24.5	M	30	1	0	0	0	1	0
sub-0094PIOP1	23.25	M	19	1	0	0	0	1	0
sub-0097PIOP1	21.25	M	32	1	0	0	1	1	0
sub-0098PIOP1	22.75	M	27	1	0	0	0	1	0
sub-0099PIOP1	24.25	M	32	1	0	0	1	1	0
sub-0100PIOP1	18.25	M	30	1	0	0	0	1	0
sub-0102PIOP1	19.25	M	27	1	0	0	0	1	0
sub-0108PIOP1	23	M	28	1	0	0	0	1	0
sub-0109PIOP1	22.25	M	18	1	0	0	0	1	0
sub-0110PIOP1	21.25	M	27	1	0	0	0	1	0
sub-0119PIOP1	22.25	M	25	1	0	0	0	1	0
sub-0125PIOP1	20.75	M	27	1	0	0	0	1	0
sub-0128PIOP1	22.75	M	23	1	0	0	0	1	0
sub-0131PIOP1	25	M	32	1	0	0	1	1	0
sub-0137PIOP1	19.75	M	23	1	0	0	0	1	0
sub-0141PIOP1	20	M	25	1	0	0	0	1	0
sub-0143PIOP1	19.75	M	27	1	0	0	0	1	0
sub-0146PIOP1	18.25	M	29	1	0	0	0	1	0
sub-0148PIOP1	19.75	M	27	1	0	0	0	1	0
sub-0149PIOP1	22.75	M	19	1	0	0	0	1	0
sub-0151PIOP1	20.75	M	28	1	0	0	0	1	0
sub-0152PIOP1	21.5	M	26	1	0	0	0	1	0
sub-0153PIOP1	22.75	M	24	1	0	0	0	1	0
sub-0154PIOP1	25.5	M	29	1	0	0	0	1	0
sub-0157PIOP1	20.5	M	23	1	0	0	0	1	0
sub-0158PIOP1	21.5	M	25	1	0	0	0	1	0
sub-0161PIOP1	18.5	M	33	1	0	0	1	1	0
sub-0166PIOP1	22.5	M	26	1	0	0	0	1	0
sub-0167PIOP1	23.25	M	23	1	0	0	0	1	0
sub-0168PIOP1	23.75	M	21	1	0	0	0	1	0
sub-0169PIOP1	23.5	M	20	1	0	0	0	1	0
sub-0171PIOP1	23.25	M	32	1	0	0	1	1	0
sub-0173PIOP1	20.5	M	26	1	0	0	0	1	0
sub-0174PIOP1	19.25	M	24	1	0	0	0	1	0
sub-0176PIOP1	24.5	M	34	1	0	0	1	1	0
sub-0179PIOP1	22	M	25	1	0	0	0	1	0
sub-0185PIOP1	23.25	M	20	1	0	0	0	1	0
sub-0187PIOP1	21.5	M	15	1	0	0	0	1	0
sub-0188PIOP1	25.5	M	24	1	0	0	0	1	0
sub-0191PIOP1	21.75	M	25	1	0	0	0	1	0
sub-0193PIOP1	19.5	M	20	1	0	0	0	1	0
sub-0201PIOP1	22.25	M	26	1	0	0	0	1	0
sub-0202PIOP1	23.5	M	12	1	0	0	0	1	0
sub-0208PIOP1	20.5	M	20	1	0	0	0	1	0
sub-0211PIOP1	22.5	M	35	1	0	0	1	1	0
sub-0213PIOP1	19.75	M	18	1	0	0	0	1	0
sub-0214PIOP1	19.5	M	19	1	0	0	0	1	0
sub-0001PIOP2	25.5	M	33	2	0	0	1	1	0
sub-0005PIOP2	24.75	M	24	2	0	0	0	1	0
sub-0006PIOP2	23.75	M	27	2	0	0	0	1	0
sub-0008PIOP2	21	M	22	2	0	0	0	1	0
sub-0013PIOP2	20.25	M	33	2	0	0	1	1	0
sub-0014PIOP2	23.25	M	18	2	0	0	0	1	0
sub-0018PIOP2	20.5	M	26	2	0	0	0	1	0
sub-0023PIOP2	22.75	M	27	2	0	0	0	1	0
sub-0024PIOP2	21	M	30	2	0	0	0	1	0
sub-0025PIOP2	25	M	24	2	0	0	0	1	0
sub-0028PIOP2	21.5	M	21	2	0	0	0	1	0
sub-0029PIOP2	21.75	M	25	2	0	0	0	1	0
sub-0030PIOP2	20.5	M	21	2	0	0	0	1	0
sub-0031PIOP2	20.75	M	30	2	0	0	0	1	0
sub-0032PIOP2	20.5	M	24	2	0	0	0	1	0
sub-0035PIOP2	23.25	M	20	2	0	0	0	1	0
sub-0041PIOP2	21	M	25	2	0	0	0	1	0
sub-0046PIOP2	24.25	M	24	2	0	0	0	1	0
sub-0050PIOP2	19.75	M	21	2	0	0	0	1	0
sub-0054PIOP2	23	M	21	2	0	0	0	1	0
sub-0056PIOP2	20.5	M	14	2	0	0	0	1	0
sub-0057PIOP2	25.75	M	17	2	0	0	0	1	0
sub-0059PIOP2	23.25	M	19	2	0	0	0	1	0
sub-0063PIOP2	25.25	M	26	2	0	0	0	1	0
sub-0065PIOP2	23.5	M	19	2	0	0	0	1	0
sub-0066PIOP2	19.5	M	27	2	0	0	0	1	0
sub-0070PIOP2	18.75	M	26	2	0	0	0	1	0
sub-0074PIOP2	20.25	M	34	2	0	0	1	1	0
sub-0078PIOP2	22.5	M	19	2	0	0	0	1	0
sub-0079PIOP2	20.25	M	23	2	0	0	0	1	0
sub-0081PIOP2	24.25	M	19	2	0	0	0	1	0
sub-0086PIOP2	21	M	20	2	0	0	0	1	0
sub-0087PIOP2	22.5	M	20	2	0	0	0	1	0
sub-0088PIOP2	23.5	M	26	2	0	0	0	1	0
sub-0093PIOP2	22	M	30	2	0	0	0	1	0
sub-0096PIOP2	21	M	25	2	0	0	0	1	0
sub-0107PIOP2	19.25	M	21	2	0	0	0	1	0
sub-0108PIOP2	21.25	M	18	2	0	0	0	1	0
sub-0110PIOP2	24.25	M	27	2	0	0	0	1	0
sub-0111PIOP2	22	M	30	2	0	0	0	1	0
sub-0113PIOP2	21.75	M	23	2	0	0	0	1	0
sub-0115PIOP2	22	M	32	2	0	0	1	1	0
sub-0117PIOP2	20.75	M	21	2	0	0	0	1	0
sub-0118PIOP2	20.5	M	25	2	0	0	0	1	0
sub-0120PIOP2	22.75	M	18	2	0	0	0	1	0
sub-0121PIOP2	21.75	M	21	2	0	0	0	1	0
sub-0122PIOP2	25	M	30	2	0	0	0	1	0
sub-0124PIOP2	22	M	26	2	0	0	0	1	0
sub-0126PIOP2	21	M	26	2	0	0	0	1	0
sub-0128PIOP2	22.75	M	27	2	0	0	0	1	0
sub-0129PIOP2	23.75	M	31	2	0	0	0	1	0
sub-0131PIOP2	22.5	M	34	2	0	0	1	1	0
sub-0133PIOP2	21.75	M	17	2	0	0	0	1	0
sub-0135PIOP2	21	M	16	2	0	0	0	1	0
sub-0136PIOP2	24.25	M	23	2	0	0	0	1	0
sub-0138PIOP2	23.75	M	26	2	0	0	0	1	0
sub-0141PIOP2	20.75	M	22	2	0	0	0	1	0
sub-0144PIOP2	20.25	M	26	2	0	0	0	1	0
sub-0151PIOP2	21.5	M	13	2	0	0	0	1	0
sub-0155PIOP2	19	M	27	2	0	0	0	1	0
sub-0156PIOP2	20.75	M	31	2	0	0	0	1	0
sub-0158PIOP2	20.75	M	19	2	0	0	0	1	0
sub-0159PIOP2	23	M	29	2	0	0	0	1	0
sub-0160PIOP2	20.75	M	24	2	0	0	0	1	0
sub-0161PIOP2	23.5	M	30	2	0	0	0	1	0
sub-0162PIOP2	18.75	M	29	2	0	0	0	1	0
sub-0163PIOP2	22.25	M	26	2	0	0	0	1	0
sub-0164PIOP2	21.75	M	20	2	0	0	0	1	0
sub-0165PIOP2	23.75	M	28	2	0	0	0	1	0
sub-0167PIOP2	24.75	M	22	2	0	0	0	1	0
sub-0173PIOP2	24	M	35	2	0	0	1	1	0
sub-0175PIOP2	24.25	M	15	2	0	0	0	1	0
sub-0177PIOP2	20.75	M	17	2	0	0	0	1	0
sub-0178PIOP2	22.25	M	27	2	0	0	0	1	0
sub-0182PIOP2	23.5	M	32	2	0	0	1	1	0
sub-0184PIOP2	21.5	M	17	2	0	0	0	1	0
sub-0185PIOP2	21	M	23	2	0	0	0	1	0
sub-0188PIOP2	23.75	M	26	2	0	0	0	1	0
sub-0189PIOP2	20.5	M	28	2	0	0	0	1	1
sub-0193PIOP2	24.75	M	29	2	0	0	0	1	0
sub-0195PIOP2	23.25	M	22	2	0	0	0	1	0
sub-0196PIOP2	19.25	M	19	2	0	0	0	1	0
sub-0198PIOP2	25	M	26	2	0	0	0	1	0
sub-0203PIOP2	20	M	29	2	0	0	0	1	0
sub-0205PIOP2	18.25	M	27	2	0	0	0	1	0
sub-0207PIOP2	24.25	M	19	2	0	0	0	1	0
sub-0209PIOP2	19.25	M	19	2	0	0	0	1	0
sub-0211PIOP2	24	M	22	2	0	0	0	1	0
sub-0212PIOP2	25	M	27	2	0	0	0	1	0
sub-0213PIOP2	22.5	M	13	2	0	0	0	1	0
sub-0216PIOP2	24.5	M	30	2	0	0	0	1	0
sub-0217PIOP2	22.25	M	22	2	0	0	0	1	0
sub-0221PIOP2	20.75	M	27	2	0	0	0	1	0
sub-0224PIOP2	21.75	M	34	2	0	0	1	1	0
sub-0226PIOP2	20	M	19	2	0	0	0	1	0
